,case_name,fish_period,KLD
0,sfe_322_n0,chsp,4.774658260722548
1,sfe_322_s0,chsp,4.7607308969694095
2,sfe_322_s1,chsp,0.6129518640110768
3,sfe_322_s2,chsp,0.27115743345418375
4,sfe_322_n0,chfr,7.27719990398038
5,sfe_322_s0,chfr,4.736904013725061
6,sfe_322_s1,chfr,3.5049940736051832
7,sfe_322_s2,chfr,1.3401896421223465
8,sfe_322_n0,chju,0.7797865595230417
9,sfe_322_s0,chju,0.1808293896861573
10,sfe_322_s1,chju,0.8425092730415129
11,sfe_322_s2,chju,0.0769550157640436
