Site_name,Version,Channel Type,Variable,RMSE,NRMSD,R2,Max_dist
sfe_25,n0,1,Depth,0.04614669917564109,0.09318128662575069,0.9560985980180486,0.23125607226883826
sfe_25,s0,1,Depth,0.04620073900172381,0.09329040603436221,0.9564060150317186,0.22967327216509836
sfe_25,s1,1,Depth,0.028360855691410277,0.05726739009163682,0.9919230995229198,0.1327763197230164
sfe_25,s2,1,Depth,0.03172729985062914,0.06406505067654254,0.9855584675708116,0.11957957952442377
sfe_25,n0,1,Velocity,0.13898512441525326,0.35044718653188833,0.959849350918485,0.3150137188832118
sfe_25,s0,1,Velocity,0.1383437184946248,0.3488298990613418,0.9607681684893598,0.3150741765812429
sfe_25,s1,1,Velocity,0.047231153484529,0.11909206057085372,0.9943278623037356,0.11750513257032003
sfe_25,s2,1,Velocity,0.10264088078536883,0.2588061711332312,0.983294111577013,0.2439496741405049
