Site_name,Version,Channel Type,Variable,RMSE,NRMSD,R2,Max_dist
sfe_25,n0,1,Depth,0.2984697319405339,0.6026821882797316,0.3771585225175238,3.830274003336654
sfe_25,s0,1,Depth,0.29817004513521705,0.6020770485275276,0.3782714959754052,3.6851703104154554
sfe_25,s1,1,Depth,0.1001604348602589,0.2022480124472295,0.8809937514547421,0.5396647996426882
sfe_25,s2,1,Depth,0.12529485634555404,0.25300045572988983,0.826845860785645,0.744319805170521
sfe_25,n0,1,Velocity,0.2270609273280187,0.5725279125245205,0.5048986309975141,1.581905649518812
sfe_25,s0,1,Velocity,0.7397951170280216,1.8653731358896868,0.0016919552939280455,1.581905649518812
sfe_25,s1,1,Velocity,0.10563673889517193,0.26636014534627306,0.8700479232222509,1.4421310790717934
sfe_25,s2,1,Velocity,0.14123701800114158,0.35612527456371196,0.7552126414711973,1.5741114924926243
